name,datetime,temp,feelslike,dew,humidity,precip,precipprob,preciptype,snow,snowdepth,windgust,windspeed,winddir,sealevelpressure,cloudcover,visibility,solarradiation,solarenergy,uvindex,severerisk,conditions,icon,stations
bien hoa,2022-12-04T00:00:00,24,24,23,94.15,0,0,,0,0,20.5,14.8,70,1010,88,10,0,,0,5,Partially cloudy,partly-cloudy-night,VVTS
bien hoa,2022-12-04T01:00:00,24,24,22,88.6,0,0,,0,0,13.3,14.8,60,1009,88,10,0,,0,3,Partially cloudy,partly-cloudy-night,VVTS
bien hoa,2022-12-04T02:00:00,23,23,23,100,0,0,,0,0,12.2,11.2,80,1008,88,10,0,,0,3,Partially cloudy,partly-cloudy-night,VVTS
bien hoa,2022-12-04T03:00:00,23,23,23,100,0,0,,0,0,10.4,9.4,80,1008,88,10,0,,0,10,Partially cloudy,partly-cloudy-night,VVTS
bien hoa,2022-12-04T04:00:00,23,23,23,100,0,0,,0,0,9.7,6.8,6,1008,88,10,0,,0,10,Partially cloudy,partly-cloudy-night,VVTS
bien hoa,2022-12-04T05:00:00,23,23,23,100,0,0,,0,0,10.1,0,0,1008,88,8,0,,0,10,Partially cloudy,partly-cloudy-night,VVTS
bien hoa,2022-12-04T06:00:00,23,23,23,100,0,0,,0,0,8.6,3.6,70,1008,88,8,0,,0,10,Partially cloudy,partly-cloudy-day,VVTS
bien hoa,2022-12-04T07:00:00,24,24,24,100,0,0,,0,0,7.9,5.4,0.9,1010,88,10,54,0.2,1,3,Partially cloudy,partly-cloudy-day,VVTS
bien hoa,2022-12-04T08:00:00,26,26,25,94.23,0,0,,0,0,5,1.8,19.3,1011,88,8,279,1,3,10,Partially cloudy,partly-cloudy-day,VVTS
bien hoa,2022-12-04T09:00:00,28,31.8,24,78.91,0,0,,0,0,1.4,3.6,318.8,1011,50,8,497,1.8,5,10,Partially cloudy,partly-cloudy-day,VVTS
bien hoa,2022-12-04T10:00:00,29,32.6,23,70.1,0,0,,0,0,6.8,5.4,214.3,1011,25,10,560,2,6,10,Partially cloudy,partly-cloudy-day,VVTS
bien hoa,2022-12-04T11:00:00,30,34,23,66.17,0,0,,0,0,6.1,14.8,100,1010,25,10,336,1.2,3,10,Partially cloudy,partly-cloudy-day,VVTS
bien hoa,2022-12-04T12:00:00,31,36.4,24,66.37,0,0,,0,0,4.3,9.4,213.6,1009,25,10,434,1.6,4,10,Partially cloudy,partly-cloudy-day,VVTS
bien hoa,2022-12-04T13:00:00,32,37.8,24,62.7,0,0,,0,0,5.8,2.5,124.9,1008,50,10,491,1.8,5,10,Partially cloudy,partly-cloudy-day,VVTS
bien hoa,2022-12-04T14:00:00,30.4,33.9,22.3,61.98,0,57.1,rain,0,0,9,3.6,32.9,1007,27.2,24.1,709,2.6,7,10,"Rain, Partially cloudy",rain,
bien hoa,2022-12-04T15:00:00,30.3,33.9,22.4,62.71,0.1,57.1,rain,0,0,7.6,6.1,2.7,1007,5.9,15.7,555,2,6,30,Rain,rain,
bien hoa,2022-12-04T16:00:00,30.2,34,22.7,64.24,0.2,57.1,rain,0,0,5.8,5,342,1007,53.8,24.1,379,1.4,4,30,"Rain, Partially cloudy",rain,
bien hoa,2022-12-04T17:00:00,28.7,32.6,23.5,73.52,0.5,57.1,rain,0,0,4,4,336,1008,29.9,23.6,150,0.5,2,30,"Rain, Partially cloudy",rain,
bien hoa,2022-12-04T18:00:00,27.1,29.5,22.6,76.44,0,57.1,rain,0,0,4,4,340,1008,59.8,24.1,9,0,0,10,"Rain, Partially cloudy",rain,
bien hoa,2022-12-04T19:00:00,26.6,26.6,22.5,78.24,0,57.1,rain,0,0,1.4,1.1,15.4,1009,96.8,24.1,0,,0,10,"Rain, Overcast",rain,
bien hoa,2022-12-04T20:00:00,26.2,26.2,22.6,80.6,0,0,,0,0,3.6,3.6,136.2,1010,100,24.1,0,,0,10,Overcast,cloudy,
bien hoa,2022-12-04T21:00:00,25.8,25.8,22.7,83.03,0,0,,0,0,4.7,4.7,130.9,1010,100,24.1,0,,0,10,Overcast,cloudy,
bien hoa,2022-12-04T22:00:00,25.2,25.2,22.8,86.57,0.1,0,rain,0,0,5.4,5,146.3,1011,100,24.1,0,,0,10,Overcast,cloudy,
bien hoa,2022-12-04T23:00:00,24.8,24.8,22.7,88.12,0,0,,0,0,4.7,4.7,152.5,1010,99.9,24.1,0,,0,10,Overcast,cloudy,
bien hoa,2022-12-05T00:00:00,24.6,24.6,22.6,88.64,0,0,,0,0,2.9,2.9,122.2,1010,93.6,24.1,0,,0,10,Overcast,cloudy,
bien hoa,2022-12-05T01:00:00,24.4,24.4,22.6,89.71,0,0,,0,0,2.5,2.2,54.1,1010,100,24.1,0,,0,10,Overcast,cloudy,
bien hoa,2022-12-05T02:00:00,24.2,24.2,22.5,90.24,0,0,,0,0,4.7,4.3,24.3,1009,76.4,24.1,0,,0,10,Partially cloudy,partly-cloudy-night,
bien hoa,2022-12-05T03:00:00,24,24,22.5,91.33,0,0,,0,0,6.5,6.1,11.9,1009,30.8,24.1,0,,0,10,Partially cloudy,partly-cloudy-night,
bien hoa,2022-12-05T04:00:00,23.7,23.7,22.5,93,0,0,,0,0,8.3,7.2,12.7,1009,50,24.1,0,,0,10,Partially cloudy,partly-cloudy-night,
bien hoa,2022-12-05T05:00:00,23.5,23.5,22.3,92.99,0,0,,0,0,9.4,7.9,21.5,1010,52.4,24.1,0,,0,10,Partially cloudy,partly-cloudy-night,
bien hoa,2022-12-05T06:00:00,23.2,23.2,22.1,93.54,0,0,,0,0,9.7,7.9,27.1,1010,23.4,24.1,0,,0,3,Partially cloudy,partly-cloudy-day,
bien hoa,2022-12-05T07:00:00,24.3,24.3,22.5,89.7,0,0,,0,0,9.4,6.8,19.2,1011,86.2,24.1,63,0.2,1,3,Partially cloudy,partly-cloudy-day,
bien hoa,2022-12-05T08:00:00,25.9,25.9,22.7,82.54,0,0,,0,0,7.9,6.8,12.9,1012,91.8,24.1,239,0.9,2,10,Overcast,cloudy,
bien hoa,2022-12-05T09:00:00,27.2,29.9,23,77.85,0,0,,0,0,7.2,6.8,0.4,1012,100,24.1,412,1.5,4,10,Overcast,cloudy,
bien hoa,2022-12-05T10:00:00,27.7,30.7,23,75.61,0,0,,0,0,6.8,6.5,339.4,1011,100,24.1,340,1.2,3,10,Overcast,cloudy,
bien hoa,2022-12-05T11:00:00,28.3,31.7,23.1,73.45,0,0,,0,0,5,4.7,335.8,1011,100,24.1,393,1.4,4,30,Overcast,cloudy,
bien hoa,2022-12-05T12:00:00,28.6,32.1,23,71.74,0,0,,0,0,2.5,1.4,337,1010,100,24.1,345,1.2,3,30,Overcast,cloudy,
bien hoa,2022-12-05T13:00:00,28.7,32.2,23,71.33,0,0,,0,0,4,2.9,307.1,1008,100,24.1,295,1.1,3,30,Overcast,cloudy,
bien hoa,2022-12-05T14:00:00,29.1,32.8,23,69.69,0,61.9,rain,0,0,4.3,2.9,293.5,1008,100,24.1,340,1.2,3,30,"Rain, Overcast",rain,
bien hoa,2022-12-05T15:00:00,29.6,33.5,23,67.71,0,61.9,rain,0,0,4.3,4.7,247.4,1007,99.6,24.1,414,1.5,4,30,"Rain, Overcast",rain,
bien hoa,2022-12-05T16:00:00,29.4,33.3,23.1,68.91,0,61.9,rain,0,0,4,5,211.5,1007,99.7,24.1,290,1,3,30,"Rain, Overcast",rain,
bien hoa,2022-12-05T17:00:00,27.3,30.2,23.3,78.82,1.2,61.9,rain,0,0,8.3,7.2,163.8,1008,47.5,24.1,137,0.5,1,30,"Rain, Partially cloudy",rain,
bien hoa,2022-12-05T18:00:00,26.3,26.3,22.7,80.61,0.8,61.9,rain,0,0,5.8,5.8,160.5,1008,99,23.7,9,0,0,10,"Rain, Overcast",rain,
bien hoa,2022-12-05T19:00:00,26.2,26.2,22.8,81.58,0.2,61.9,rain,0,0,5.8,5.4,194.6,1009,100,24.1,0,,0,10,"Rain, Overcast",rain,
bien hoa,2022-12-05T20:00:00,25.7,25.7,23,85.06,0,19,,0,0,7.6,7.6,188.3,1010,96.1,24.1,0,,0,10,Overcast,cloudy,
bien hoa,2022-12-05T21:00:00,24.9,24.9,23.1,89.75,0.3,19,rain,0,0,7.9,7.6,182.1,1010,99.4,14.5,0,,0,10,Overcast,cloudy,
bien hoa,2022-12-05T22:00:00,24.6,24.6,23.1,91.37,0,19,,0,0,6.1,6.1,172.4,1010,84.9,24.1,0,,0,10,Partially cloudy,partly-cloudy-night,
bien hoa,2022-12-05T23:00:00,24.3,24.3,23,92.47,0.4,19,rain,0,0,3.6,3.2,164.5,1010,84.2,18.3,0,,0,10,Partially cloudy,partly-cloudy-night,
bien hoa,2022-12-06T00:00:00,24.2,24.2,22.9,92.46,0.1,19,rain,0,0,0.7,0.7,280.1,1010,100,24.1,0,,0,10,Overcast,cloudy,
bien hoa,2022-12-06T01:00:00,24.1,24.1,22.8,92.46,0,19,,0,0,4,4,22.9,1009,100,24.1,0,,0,10,Overcast,cloudy,
bien hoa,2022-12-06T02:00:00,23.9,23.9,22.8,93.57,0,4.8,,0,0,6.1,6.1,32.9,1009,100,24.1,0,,0,10,Overcast,cloudy,
bien hoa,2022-12-06T03:00:00,23.6,23.6,22.7,94.7,0,4.8,,0,0,7.9,6.8,24.8,1008,99.8,24.1,0,,0,10,Overcast,cloudy,
bien hoa,2022-12-06T04:00:00,23.4,23.4,22.6,95.27,0,4.8,,0,0,10.1,7.9,9.5,1009,85.2,24.1,0,,0,10,Partially cloudy,partly-cloudy-night,
bien hoa,2022-12-06T05:00:00,23.2,23.2,22.5,95.85,0,4.8,,0,0,11.9,8.3,353.7,1009,8.8,24.1,0,,0,10,Clear,clear-night,
bien hoa,2022-12-06T06:00:00,23,23,22.4,96.42,0,4.8,,0,0,12.6,7.9,345.7,1009,100,24.1,0,,0,10,Overcast,cloudy,
bien hoa,2022-12-06T07:00:00,23.9,23.9,22.6,92.44,0,4.8,,0,0,10.8,7.2,349.9,1010,84.9,24.1,47,0.2,0,10,Partially cloudy,partly-cloudy-day,
bien hoa,2022-12-06T08:00:00,25.4,25.4,22.6,84.51,0,0,,0,0,7.6,5.8,358.8,1010,82.2,24.1,216,0.8,2,10,Partially cloudy,partly-cloudy-day,
bien hoa,2022-12-06T09:00:00,27.2,29.8,22.8,76.92,0,0,,0,0,4.7,4.3,358.6,1011,45.2,24.1,469,1.7,5,10,Partially cloudy,partly-cloudy-day,
bien hoa,2022-12-06T10:00:00,28.8,32.3,23,70.92,0,0,,0,0,3.6,4,336.7,1010,5,24.1,664,2.4,7,10,Clear,clear-day,
bien hoa,2022-12-06T11:00:00,30.1,34.3,23.1,66.19,0,0,,0,0,3.2,4,324,1010,35,24.1,793,2.9,8,30,Partially cloudy,partly-cloudy-day,
bien hoa,2022-12-06T12:00:00,31,35.3,22.9,62.11,0,0,,0,0,3.2,3.2,336.2,1008,68.2,24.1,837,3,8,30,Partially cloudy,partly-cloudy-day,
bien hoa,2022-12-06T13:00:00,31.5,35.3,22.3,58.21,0,0,,0,0,6.5,4.3,11.5,1007,85,24.1,792,2.9,8,10,Partially cloudy,partly-cloudy-day,
bien hoa,2022-12-06T14:00:00,31.8,35.3,21.8,55.5,0,61.9,rain,0,0,7.9,5.4,357.5,1006,66.8,24.1,717,2.6,7,10,"Rain, Partially cloudy",rain,
bien hoa,2022-12-06T15:00:00,31.6,34.9,21.7,55.8,0,61.9,rain,0,0,5,5.8,320.3,1006,100,24.1,496,1.8,5,10,"Rain, Overcast",rain,
bien hoa,2022-12-06T16:00:00,31.3,35.2,22.4,59.23,0,61.9,rain,0,0,4,4,293.5,1006,100,24.1,303,1.1,3,30,"Rain, Overcast",rain,
bien hoa,2022-12-06T17:00:00,29.3,32.9,22.8,68.06,0.1,61.9,rain,0,0,4,2.5,169,1006,100,15.3,106,0.4,1,30,"Rain, Overcast",rain,
bien hoa,2022-12-06T18:00:00,26.5,26.5,22.5,78.7,0.4,61.9,rain,0,0,15.1,11.5,155.7,1007,99.7,24.1,8,0,0,10,"Rain, Overcast",rain,
bien hoa,2022-12-06T19:00:00,25.4,25.4,23,86.59,0.1,61.9,rain,0,0,19.8,10.8,164.7,1008,96.7,24.1,0,,0,10,"Rain, Overcast",rain,
bien hoa,2022-12-06T20:00:00,25.5,25.5,23,86.07,0,9.5,,0,0,11.5,7.9,161.8,1009,94.1,24.1,0,,0,10,Overcast,cloudy,
bien hoa,2022-12-06T21:00:00,25.6,25.6,23,85.57,0,9.5,,0,0,6.5,6.1,163.2,1009,77.1,24.1,0,,0,10,Partially cloudy,partly-cloudy-night,
bien hoa,2022-12-06T22:00:00,25.4,25.4,22.9,86.07,0,9.5,,0,0,4,4,160,1009,97.3,24.1,0,,0,10,Overcast,cloudy,
bien hoa,2022-12-06T23:00:00,25.2,25.2,22.8,86.57,0,9.5,,0,0,2.5,2.2,85.9,1009,54.4,24.1,0,,0,10,Partially cloudy,partly-cloudy-night,
bien hoa,2022-12-07T00:00:00,24.8,24.8,22.8,88.66,0,9.5,,0,0,4.7,4.7,44.4,1009,29.3,24.1,0,,0,10,Partially cloudy,partly-cloudy-night,
bien hoa,2022-12-07T01:00:00,24.5,24.5,22.8,90.26,0,9.5,,0,0,6.1,6.1,19.3,1008,84,24.1,0,,0,10,Partially cloudy,partly-cloudy-night,
bien hoa,2022-12-07T02:00:00,24.1,24.1,22.7,91.9,0,9.5,,0,0,6.8,6.8,4.6,1008,100,24.1,0,,0,10,Overcast,cloudy,
bien hoa,2022-12-07T03:00:00,23.8,23.8,22.6,93,0,9.5,,0,0,7.9,7.2,0.4,1007,100,24.1,0,,0,10,Overcast,cloudy,
bien hoa,2022-12-07T04:00:00,23.6,23.6,22.5,93.56,0,9.5,,0,0,7.9,6.8,0.1,1008,100,24.1,0,,0,10,Overcast,cloudy,
bien hoa,2022-12-07T05:00:00,23.4,23.4,22.2,92.98,0,9.5,,0,0,7.9,6.8,356.3,1008,99.5,24.1,0,,0,10,Overcast,cloudy,
bien hoa,2022-12-07T06:00:00,23.2,23.2,22,92.97,0,9.5,,0,0,7.2,6.5,7.4,1008,49.9,24.1,0,,0,3,Partially cloudy,partly-cloudy-day,
bien hoa,2022-12-07T07:00:00,24.3,24.3,22.3,88.62,0,9.5,,0,0,7.2,5.4,18.1,1009,65.9,24.1,61,0.2,1,10,Partially cloudy,partly-cloudy-day,
bien hoa,2022-12-07T08:00:00,26,26,22.8,82.55,0,14.3,,0,0,6.8,6.5,31.4,1010,10.7,24.1,275,1,3,10,Clear,clear-day,
bien hoa,2022-12-07T09:00:00,27.6,30.6,23.2,76.98,0,14.3,,0,0,5,5.4,38.8,1010,21.3,24.1,491,1.8,5,10,Partially cloudy,partly-cloudy-day,
bien hoa,2022-12-07T10:00:00,29.1,33.1,23.4,71.4,0,14.3,,0,0,5,5,27.8,1010,87.4,24.1,668,2.4,7,30,Partially cloudy,partly-cloudy-day,
bien hoa,2022-12-07T11:00:00,30.4,34.9,23.3,65.85,0,14.3,,0,0,5.4,5.4,21.9,1009,86.4,24.1,789,2.8,8,30,Partially cloudy,partly-cloudy-day,
bien hoa,2022-12-07T12:00:00,31,35.1,22.7,61.36,0.1,14.3,rain,0,0,9.7,7.6,35.5,1008,40.1,14,842,3,8,30,Partially cloudy,partly-cloudy-day,
bien hoa,2022-12-07T13:00:00,31,35.1,22.7,61.36,0.7,14.3,rain,0,0,11.9,8.3,30.6,1007,73.3,23.5,711,2.6,7,30,Partially cloudy,partly-cloudy-day,
bien hoa,2022-12-07T14:00:00,30.3,34.4,23,65.04,0,81,rain,0,0,10.4,8.6,3.5,1006,38.2,24.1,369,1.3,4,30,"Rain, Partially cloudy",rain,
bien hoa,2022-12-07T15:00:00,30.9,34.3,22,59.14,0,81,rain,0,0,10.4,8.3,9.8,1005,86.4,15,582,2.1,6,10,"Rain, Partially cloudy",rain,
bien hoa,2022-12-07T16:00:00,28.8,32.1,22.7,69.64,0.6,81,rain,0,0,6.1,5,60.1,1006,91.3,9.8,130,0.5,1,10,"Rain, Overcast",rain,
bien hoa,2022-12-07T17:00:00,28.1,31.4,23.2,74.76,0.2,81,rain,0,0,4.3,2.5,140.2,1006,96.9,24.1,63,0.2,1,10,"Rain, Overcast",rain,
bien hoa,2022-12-07T18:00:00,26.6,26.6,22.7,79.2,0,81,rain,0,0,6.5,6.1,152,1007,96.6,24.1,9,0,0,10,"Rain, Overcast",rain,
bien hoa,2022-12-07T19:00:00,26.1,26.1,22.7,81.57,0,81,rain,0,0,5.4,5,159.6,1008,59,24.1,0,,0,10,"Rain, Partially cloudy",rain,
bien hoa,2022-12-07T20:00:00,25.8,25.8,22.6,82.53,0,14.3,,0,0,2.5,2.2,143.3,1008,66.7,24.1,0,,0,10,Partially cloudy,partly-cloudy-night,
bien hoa,2022-12-07T21:00:00,25.5,25.5,22.4,83,0,14.3,,0,0,2.2,1.1,32.1,1009,85,24.1,0,,0,10,Partially cloudy,partly-cloudy-night,
bien hoa,2022-12-07T22:00:00,25.1,25.1,22.2,83.97,0,14.3,,0,0,4.7,4.3,353.6,1009,53.4,24.1,0,,0,10,Partially cloudy,partly-cloudy-night,
bien hoa,2022-12-07T23:00:00,24.6,24.6,21.8,84.43,0,14.3,,0,0,6.5,6.5,355.7,1008,69.1,24.1,0,,0,10,Partially cloudy,partly-cloudy-night,
bien hoa,2022-12-08T00:00:00,24.1,24.1,21.5,85.41,0,14.3,,0,0,6.5,6.5,350.9,1008,92.2,24.1,0,,0,10,Overcast,cloudy,
bien hoa,2022-12-08T01:00:00,23.7,23.7,21.3,86.43,0,14.3,,0,0,6.1,5.8,346.1,1008,71,24.1,0,,0,10,Partially cloudy,partly-cloudy-night,
bien hoa,2022-12-08T02:00:00,23.4,23.4,21.1,86.93,0,4.8,,0,0,5.4,5.4,350.1,1007,70.8,24.1,0,,0,10,Partially cloudy,partly-cloudy-night,
bien hoa,2022-12-08T03:00:00,23.2,23.2,21,87.45,0,4.8,,0,0,5,5,1.7,1007,100,24.1,0,,0,10,Overcast,cloudy,
bien hoa,2022-12-08T04:00:00,23,23,21,88.51,0,4.8,,0,0,5,5,14.2,1007,100,24.1,0,,0,10,Overcast,cloudy,
bien hoa,2022-12-08T05:00:00,22.9,22.9,21,89.05,0,4.8,,0,0,5,5,39,1008,100,24.1,0,,0,10,Overcast,cloudy,
bien hoa,2022-12-08T06:00:00,22.8,22.8,21.1,90.15,0,4.8,,0,0,6.1,6.1,39.5,1008,100,24.1,0,,0,10,Overcast,cloudy,
bien hoa,2022-12-08T07:00:00,23.7,23.7,21.7,88.57,0,4.8,,0,0,9,6.5,44.7,1009,100,24.1,42,0.2,0,10,Overcast,cloudy,
bien hoa,2022-12-08T08:00:00,25.2,25.2,22.2,83.47,0,4.8,,0,0,7.6,6.5,52.6,1010,100,24.1,197,0.7,2,10,Overcast,cloudy,
bien hoa,2022-12-08T09:00:00,26.5,26.5,22.4,78.23,0,4.8,,0,0,5.8,5.8,70.4,1010,100,24.1,346,1.2,3,10,Overcast,cloudy,
bien hoa,2022-12-08T10:00:00,27.9,30.8,22.6,72.94,0,4.8,,0,0,4,4,77.8,1010,100,24.1,515,1.9,5,10,Overcast,cloudy,
bien hoa,2022-12-08T11:00:00,29.3,32.8,22.7,67.65,0,4.8,,0,0,1.8,1.4,62.6,1009,90.7,24.1,662,2.4,7,10,Overcast,cloudy,
bien hoa,2022-12-08T12:00:00,30.5,34.3,22.5,62.38,0,4.8,,0,0,3.2,0.7,98.5,1008,99.1,24.1,793,2.9,8,10,Overcast,cloudy,
bien hoa,2022-12-08T13:00:00,31.2,34.6,21.9,57.78,0,4.8,,0,0,7.6,2.9,350.3,1007,91.9,24.1,790,2.8,8,10,Overcast,cloudy,
bien hoa,2022-12-08T14:00:00,31.4,34.4,21.4,55.41,0,66.7,rain,0,0,7.9,7.2,328.7,1006,90.1,24.1,692,2.5,7,10,"Rain, Overcast",rain,
bien hoa,2022-12-08T15:00:00,31.3,34.2,21.3,55.38,0,66.7,rain,0,0,4.7,7.6,307.1,1006,99.8,24.1,513,1.8,5,10,"Rain, Overcast",rain,
bien hoa,2022-12-08T16:00:00,29.1,32.1,22.1,65.99,0.2,66.7,rain,0,0,6.8,6.1,232.2,1006,100,23.3,61,0.2,1,10,"Rain, Overcast",rain,
bien hoa,2022-12-08T17:00:00,27.5,29.7,21.7,70.68,0,66.7,rain,0,0,23.4,14.8,181.5,1007,92.3,24.1,9,0,0,10,"Rain, Overcast",rain,
bien hoa,2022-12-08T18:00:00,25.5,25.5,21.9,80.51,0.3,66.7,rain,0,0,26.6,14.4,174.3,1008,94.6,8.6,5,0,0,10,"Rain, Overcast",rain,
bien hoa,2022-12-08T19:00:00,25.4,25.4,22.1,81.98,0.4,66.7,rain,0,0,18.4,10.1,186.6,1008,99.9,24.1,0,,0,10,"Rain, Overcast",rain,
bien hoa,2022-12-08T20:00:00,25.4,25.4,22.2,82.48,0.1,19,rain,0,0,7.6,7.2,194.1,1009,100,24.1,0,,0,10,Overcast,cloudy,
bien hoa,2022-12-08T21:00:00,25.1,25.1,22.1,83.46,0,19,,0,0,4.7,4.3,210.9,1009,100,24.1,0,,0,10,Overcast,cloudy,
bien hoa,2022-12-08T22:00:00,24.9,24.9,22,83.95,0,19,,0,0,2.2,2.2,249.5,1009,100,24.1,0,,0,10,Overcast,cloudy,
bien hoa,2022-12-08T23:00:00,24.6,24.6,22,85.46,0,19,,0,0,1.8,1.4,276.6,1009,100,24.1,0,,0,10,Overcast,cloudy,
bien hoa,2022-12-09T00:00:00,24.3,24.3,21.9,86.48,0,19,,0,0,4.3,4.3,39.9,1009,100,24.1,0,,0,10,Overcast,cloudy,
bien hoa,2022-12-09T01:00:00,23.8,23.8,22,89.67,0,19,,0,0,14,10.4,26.2,1008,100,24.1,0,,0,10,Overcast,cloudy,
bien hoa,2022-12-09T02:00:00,23.4,23.4,21.7,90.01,0,4.8,,0,0,15.4,10.2,137.1,1007.7,100,24.1,0,,0,10,Overcast,cloudy,
bien hoa,2022-12-09T03:00:00,23.1,23.1,21.4,90.35,0,4.8,,0,0,16.7,10,248,1007.3,100,24.1,0,,0,10,Overcast,cloudy,
bien hoa,2022-12-09T04:00:00,22.8,22.8,21.2,90.7,0,4.8,,0,0,18,9.7,358.9,1007,100,24.1,0,,0,10,Overcast,cloudy,
bien hoa,2022-12-09T05:00:00,22.7,22.7,21.1,90.51,0,4.8,,0,0,15.7,8.9,245,1007.7,100,24.1,4.3,0,0,10,Overcast,cloudy,
bien hoa,2022-12-09T06:00:00,22.7,22.7,21,90.33,0,4.8,,0,0,13.4,8,131.2,1008.3,100,24.1,8.7,0,0,10,Overcast,cloudy,
bien hoa,2022-12-09T07:00:00,22.7,22.7,21,90.14,0,4.8,,0,0,11.2,7.2,17.3,1009,100,24.1,13,0,0,10,Overcast,cloudy,
bien hoa,2022-12-09T08:00:00,24.4,24.4,21.2,82.37,0,9.5,,0,0,9.4,7,21,1009.3,99.9,24.1,150.3,0.5,2,10,Overcast,cloudy,
bien hoa,2022-12-09T09:00:00,26.1,26.1,21.4,75.36,0,9.5,,0,0,7.6,6.7,24.8,1009.7,99.8,24.1,287.7,1,3,10,Overcast,cloudy,
bien hoa,2022-12-09T10:00:00,27.9,30.3,21.7,69.05,0,9.5,,0,0,5.8,6.5,28.5,1010,99.7,24.1,425,1.5,4,10,Overcast,cloudy,
bien hoa,2022-12-09T11:00:00,28.8,31.4,21.6,65.39,0,9.5,,0,0,5.8,6.1,137.7,1009,92.5,24.1,543,1.9,5,10,Overcast,cloudy,
bien hoa,2022-12-09T12:00:00,29.7,32.5,21.6,61.95,0,9.5,,0,0,5.8,5.8,246.8,1008,85.3,24.1,661,2.4,7,10,Partially cloudy,partly-cloudy-day,
bien hoa,2022-12-09T13:00:00,30.6,33.6,21.6,58.71,0,9.5,rain,0,0,5.8,5.4,356,1007,78.1,24.1,779,2.8,8,10,Partially cloudy,partly-cloudy-day,
bien hoa,2022-12-09T14:00:00,30.2,33.5,21.9,61.07,0,66.7,rain,0,0,7.3,6,356.7,1006.7,85.4,24.1,663.3,2.4,7,10,"Rain, Partially cloudy",rain,
bien hoa,2022-12-09T15:00:00,29.9,33.3,22.2,63.53,0,66.7,rain,0,0,8.9,6.6,357.5,1006.3,92.7,24.1,547.7,2,5,10,"Rain, Overcast",rain,
bien hoa,2022-12-09T16:00:00,29.6,33.2,22.6,66.09,0,66.7,rain,0,0,10.4,7.2,358.2,1006,100,24.1,432,1.6,4,10,"Rain, Overcast",rain,
bien hoa,2022-12-09T17:00:00,28.4,31.5,22.4,70,0,66.7,rain,0,0,13.4,8.9,291.6,1006.7,100,24.1,299.7,1.1,3,10,"Rain, Overcast",rain,
bien hoa,2022-12-09T18:00:00,27.3,29.8,22.3,74.18,0,66.7,rain,0,0,16.4,10.6,225.1,1007.3,99.9,24.1,167.3,0.6,0,10,"Rain, Overcast",rain,
bien hoa,2022-12-09T19:00:00,26.2,26.2,22.2,78.66,0.1,66.7,rain,0,0,19.4,12.2,158.5,1008,99.9,24.1,35,0.1,0,10,"Rain, Overcast",rain,
bien hoa,2022-12-09T20:00:00,25.7,25.7,22.2,80.87,0,14.3,,0,0,14.4,9.5,153.5,1008.7,93.6,24.1,23.3,0.1,0,10,Overcast,cloudy,
bien hoa,2022-12-09T21:00:00,25.2,25.2,22.2,83.14,0,14.3,,0,0,9.4,6.7,148.6,1009.3,87.4,24.1,11.7,0,0,10,Partially cloudy,partly-cloudy-night,
bien hoa,2022-12-09T22:00:00,24.8,24.8,22.2,85.48,0.4,14.3,rain,0,0,4.3,4,143.6,1010,81.1,24.1,0,,0,10,Partially cloudy,partly-cloudy-night,
bien hoa,2022-12-09T23:00:00,24.2,24.2,21.8,86.31,0,14.3,,0,0,6.7,5.6,98.9,1009.7,87.4,24.1,0,,0,10,Partially cloudy,partly-cloudy-night,
bien hoa,2022-12-10T00:00:00,23.7,23.7,21.4,87.14,0,14.3,,0,0,9.1,7.3,54.2,1009.3,93.7,24.1,0,,0,10,Overcast,cloudy,
bien hoa,2022-12-10T01:00:00,23.2,23.2,21.1,87.99,0.3,14.3,rain,0,0,11.5,9,9.5,1009,100,24.1,0,,0,10,Overcast,cloudy,
bien hoa,2022-12-10T02:00:00,22.8,22.8,20.5,86.88,0,4.8,,0,0,11.9,9,10.6,1008.7,86.7,24.1,0,,0,10,Partially cloudy,partly-cloudy-night,
bien hoa,2022-12-10T03:00:00,22.4,22.4,19.9,85.78,0,4.8,,0,0,12.2,9,11.6,1008.3,73.5,24.1,0,,0,10,Partially cloudy,partly-cloudy-night,
bien hoa,2022-12-10T04:00:00,22.1,22.1,19.4,84.68,0,4.8,,0,0,12.6,9,12.7,1008,60.2,24.1,0,,0,10,Partially cloudy,partly-cloudy-night,
bien hoa,2022-12-10T05:00:00,22.2,22.2,19.4,84,0,4.8,,0,0,12,8.4,19.7,1008.7,63.9,24.1,5.7,0,0,10,Partially cloudy,partly-cloudy-night,
bien hoa,2022-12-10T06:00:00,22.4,22.4,19.4,83.32,0,4.8,,0,0,11.4,7.8,26.6,1009.3,67.6,24.1,11.3,0,0,10,Partially cloudy,partly-cloudy-night,
bien hoa,2022-12-10T07:00:00,22.6,22.6,19.5,82.66,0,4.8,,0,0,10.8,7.2,33.6,1010,71.3,24.1,17,0.1,0,10,Partially cloudy,partly-cloudy-day,
bien hoa,2022-12-10T08:00:00,24.2,24.2,19.8,76.15,0,14.3,,0,0,9.1,7.2,33.1,1010.3,80.4,24.1,168.3,0.6,2,10,Partially cloudy,partly-cloudy-day,
bien hoa,2022-12-10T09:00:00,25.9,25.9,20.1,70.25,0,14.3,,0,0,7.4,7.2,32.5,1010.7,89.4,24.1,319.7,1.2,3,10,Partially cloudy,partly-cloudy-day,
bien hoa,2022-12-10T10:00:00,27.6,29.3,20.4,64.87,0,14.3,,0,0,5.8,7.2,32,1011,98.5,24.1,471,1.7,5,10,Overcast,cloudy,
bien hoa,2022-12-10T11:00:00,28.5,30.5,20.7,62.58,0,14.3,,0,0,5,6.7,131.9,1010,99,24.1,578.3,2.1,6,10,Overcast,cloudy,
bien hoa,2022-12-10T12:00:00,29.4,31.8,20.9,60.4,0,14.3,,0,0,4.3,6.2,231.7,1009,99.4,24.1,685.7,2.5,7,10,Overcast,cloudy,
bien hoa,2022-12-10T13:00:00,30.4,33.2,21.3,58.3,0,14.3,,0,0,3.6,5.8,331.6,1008,99.9,24.1,793,2.9,8,10,Overcast,cloudy,
bien hoa,2022-12-10T14:00:00,30.3,32.9,21,57.59,0,57.1,rain,0,0,4.3,6,323.6,1007.7,99.9,24.1,701.3,2.6,7,10,"Rain, Overcast",rain,
bien hoa,2022-12-10T15:00:00,30.3,32.7,20.8,56.87,0,57.1,rain,0,0,5,6.2,315.5,1007.3,100,24.1,609.7,2.2,6,10,"Rain, Overcast",rain,
bien hoa,2022-12-10T16:00:00,30.3,32.5,20.6,56.17,0,57.1,rain,0,0,5.8,6.5,307.5,1007,100,24.1,518,1.9,5,10,"Rain, Overcast",rain,
bien hoa,2022-12-10T17:00:00,28.9,30.9,20.5,60.65,0,57.1,rain,0,0,9.1,8.2,261.8,1007.3,100,24.1,361.7,1.3,4,10,"Rain, Overcast",rain,
bien hoa,2022-12-10T18:00:00,27.5,29.3,20.5,65.54,0,57.1,rain,0,0,12.5,9.8,216.1,1007.7,100,24.1,205.3,0.8,0,10,"Rain, Overcast",rain,
bien hoa,2022-12-10T19:00:00,26.2,26.2,20.5,70.88,0,57.1,rain,0,0,15.8,11.5,170.4,1008,100,24.1,49,0.2,0,10,"Rain, Overcast",rain,
bien hoa,2022-12-10T20:00:00,25.6,25.6,20.7,74.51,0,14.3,,0,0,11.6,8.8,172,1008.7,100,24.1,32.7,0.1,0,10,Overcast,cloudy,
bien hoa,2022-12-10T21:00:00,25,25,21,78.34,0,14.3,,0,0,7.4,6,173.7,1009.3,100,24.1,16.3,0.1,0,10,Overcast,cloudy,
bien hoa,2022-12-10T22:00:00,24.5,24.5,21.3,82.37,0,14.3,,0,0,3.2,3.2,175.3,1010,100,24.1,0,,0,10,Overcast,cloudy,
bien hoa,2022-12-10T23:00:00,24.2,24.2,21.1,82.85,0,14.3,,0,0,5.9,5,227.6,1009.7,100,24.1,0,,0,10,Overcast,cloudy,
bien hoa,2022-12-11T00:00:00,23.9,23.9,20.9,83.32,0,14.3,,0,0,8.5,6.8,280,1009.3,100,24.1,0,,0,10,Overcast,cloudy,
bien hoa,2022-12-11T01:00:00,23.6,23.6,20.7,83.8,0,14.3,,0,0,11.2,8.6,332.3,1009,100,24.1,0,,0,10,Overcast,cloudy,
bien hoa,2022-12-11T02:00:00,23.1,23.1,20,82.72,0,9.5,,0,0,10.3,8,337.9,1008.7,100,24.1,0,,0,10,Overcast,cloudy,
bien hoa,2022-12-11T03:00:00,22.6,22.6,19.3,81.63,0,9.5,,0,0,9.5,7.4,343.5,1008.3,100,24.1,0,,0,10,Overcast,cloudy,
bien hoa,2022-12-11T04:00:00,22.1,22.1,18.6,80.56,0,9.5,,0,0,8.6,6.8,349.1,1008,100,24.1,0,,0,10,Overcast,cloudy,
bien hoa,2022-12-11T05:00:00,22.2,22.2,18.8,81.41,0,9.5,,0,0,9.6,7.1,242.4,1008.7,100,24.1,6.3,0,0,10,Overcast,cloudy,
bien hoa,2022-12-11T06:00:00,22.3,22.3,19.1,82.28,0,9.5,,0,0,10.6,7.3,135.7,1009.3,99.9,24.1,12.7,0,0,10,Overcast,cloudy,
bien hoa,2022-12-11T07:00:00,22.4,22.4,19.4,83.15,0,9.5,,0,0,11.5,7.6,29,1010,99.9,24.1,19,0.1,0,10,Overcast,cloudy,
bien hoa,2022-12-11T08:00:00,24,24,19.8,77.54,0,4.8,,0,0,10.7,7.8,36.7,1010.3,99.7,24.1,158.3,0.6,2,10,Overcast,cloudy,
bien hoa,2022-12-11T09:00:00,25.6,25.6,20.2,72.39,0,4.8,,0,0,9.8,8,44.3,1010.7,99.6,24.1,297.7,1.1,3,10,Overcast,cloudy,
bien hoa,2022-12-11T10:00:00,27.2,28.9,20.7,67.65,0,4.8,,0,0,9,8.3,52,1011,99.4,24.1,437,1.6,4,10,Overcast,cloudy,
bien hoa,2022-12-11T11:00:00,27.7,29.6,20.8,65.98,0,4.8,,0,0,8,7.4,50.5,1010.3,99.6,24.1,489,1.8,5,10,Overcast,cloudy,
bien hoa,2022-12-11T12:00:00,28.2,30.3,20.9,64.35,0,4.8,,0,0,7.1,6.6,49.1,1009.7,99.8,24.1,541,1.9,5,10,Overcast,cloudy,
bien hoa,2022-12-11T13:00:00,28.8,31,21,62.77,0,4.8,,0,0,6.1,5.8,47.6,1009,100,24.1,593,2.1,6,10,Overcast,cloudy,
bien hoa,2022-12-11T14:00:00,28.8,31.3,21.4,64.46,0,23.8,,0,0,5.2,4.7,88.4,1008.3,100,24.1,524.7,1.9,5,10,Overcast,cloudy,
bien hoa,2022-12-11T15:00:00,28.8,31.6,21.8,66.19,0,23.8,,0,0,4.2,3.6,129.3,1007.7,100,24.1,456.3,1.6,5,10,Overcast,cloudy,
bien hoa,2022-12-11T16:00:00,28.8,31.8,22.3,67.97,0.1,23.8,rain,0,0,3.2,2.5,170.1,1007,100,24.1,388,1.4,4,10,Overcast,cloudy,
bien hoa,2022-12-11T17:00:00,27.6,30.1,22.1,72.3,0,23.8,,0,0,5.6,4.1,170.8,1007.7,100,24.1,267,1,3,10,Overcast,cloudy,
bien hoa,2022-12-11T18:00:00,26.4,26.4,22,76.95,0,23.8,,0,0,8,5.6,171.5,1008.3,100,24.1,146,0.5,0,10,Overcast,cloudy,
bien hoa,2022-12-11T19:00:00,25.2,25.2,21.9,81.96,0.1,23.8,rain,0,0,10.4,7.2,172.2,1009,100,24.1,25,0.1,0,10,Overcast,cloudy,
bien hoa,2022-12-11T20:00:00,24.7,24.7,21.7,83.59,0,4.8,,0,0,8.3,6.1,132.6,1009.3,94.8,24.1,16.7,0.1,0,10,Overcast,cloudy,
bien hoa,2022-12-11T21:00:00,24.2,24.2,21.6,85.26,0,4.8,,0,0,6.1,5,93.1,1009.7,89.7,24.1,8.3,0,0,10,Partially cloudy,partly-cloudy-night,
bien hoa,2022-12-11T22:00:00,23.8,23.8,21.5,86.97,0,4.8,,0,0,4,4,53.5,1010,84.5,24.1,0,,0,10,Partially cloudy,partly-cloudy-night,
bien hoa,2022-12-11T23:00:00,23.1,23.1,20.3,84.27,0,4.8,,0,0,6.8,5.5,40.5,1009.7,89.2,24.1,0,,0,10,Partially cloudy,partly-cloudy-night,
bien hoa,2022-12-12T00:00:00,22.5,22.5,19.2,81.63,0,4.8,,0,0,9.7,7.1,27.4,1009.3,93.9,24.1,0,,0,10,Overcast,cloudy,
bien hoa,2022-12-12T01:00:00,21.9,21.9,18.1,79.03,0,4.8,,0,0,12.6,8.6,14.4,1009,98.6,24.1,0,,0,10,Overcast,cloudy,
bien hoa,2022-12-12T02:00:00,21.7,21.7,17.9,79,0,0,,0,0,13.9,8.8,19.4,1009,99.1,24.1,0,,0,10,Overcast,cloudy,
bien hoa,2022-12-12T03:00:00,21.4,21.4,17.7,78.97,0,0,,0,0,15.2,8.9,24.4,1009,99.5,24.1,0,,0,10,Overcast,cloudy,
bien hoa,2022-12-12T04:00:00,21.3,21.3,17.5,78.94,0,0,,0,0,16.6,9,29.4,1009,100,24.1,0,,0,10,Overcast,cloudy,
bien hoa,2022-12-12T05:00:00,21.3,21.3,17.7,79.95,0,0,,0,0,17.4,9.4,29.2,1009.3,99,24.1,6.3,0,0,10,Overcast,cloudy,
bien hoa,2022-12-12T06:00:00,21.3,21.3,17.9,80.96,0,0,,0,0,18.2,9.7,29,1009.7,97.9,24.1,12.7,0,0,10,Overcast,cloudy,
bien hoa,2022-12-12T07:00:00,21.3,21.3,18.1,81.98,0,0,,0,0,19.1,10.1,28.8,1010,96.9,24.1,19,0.1,0,10,Overcast,cloudy,
bien hoa,2022-12-12T08:00:00,22.9,22.9,18.4,75.94,0,14.3,,0,0,16.8,10.7,25.3,1010.3,95.4,24.1,156,0.6,2,10,Overcast,cloudy,
bien hoa,2022-12-12T09:00:00,24.4,24.4,18.7,70.42,0,14.3,,0,0,14.5,11.3,21.9,1010.7,94,24.1,293,1,3,10,Overcast,cloudy,
bien hoa,2022-12-12T10:00:00,26.1,26.1,19.1,65.37,0,14.3,,0,0,12.2,11.9,18.4,1011,92.5,24.1,430,1.5,4,10,Overcast,cloudy,
bien hoa,2022-12-12T11:00:00,27.1,28.3,19.3,62.66,0,14.3,,0,0,10.4,10.3,13.5,1010,95,24.1,553.7,2,6,10,Overcast,cloudy,
bien hoa,2022-12-12T12:00:00,28.1,29.5,19.6,60.08,0,14.3,,0,0,8.6,8.8,8.5,1009,97.5,24.1,677.3,2.4,7,10,Overcast,cloudy,
bien hoa,2022-12-12T13:00:00,29.1,30.8,19.9,57.64,0,14.3,,0,0,6.8,7.2,3.6,1008,100,24.1,801,2.9,8,10,Overcast,cloudy,
bien hoa,2022-12-12T14:00:00,29.1,30.8,19.7,56.95,0,33.3,,0,0,6.2,5.8,116.7,1007.7,100,24.1,706.7,2.6,7,10,Overcast,cloudy,
bien hoa,2022-12-12T15:00:00,29.2,30.8,19.6,56.26,0,33.3,,0,0,5.6,4.3,229.7,1007.3,100,24.1,612.3,2.2,6,10,Overcast,cloudy,
bien hoa,2022-12-12T16:00:00,29.3,30.8,19.5,55.58,0,33.3,,0,0,5,2.9,342.8,1007,100,24.1,518,1.9,5,10,Overcast,cloudy,
bien hoa,2022-12-12T17:00:00,27.6,29.1,19.9,63.03,0,33.3,,0,0,6.7,4.3,289.1,1007.3,94.3,24.1,354.7,1.3,4,10,Overcast,cloudy,
bien hoa,2022-12-12T18:00:00,25.9,25.9,20.3,71.55,0,33.3,,0,0,8.4,5.8,235.5,1007.7,88.7,24.1,191.3,0.7,0,3,Partially cloudy,partly-cloudy-night,
bien hoa,2022-12-12T19:00:00,24.2,24.2,20.8,81.33,0,33.3,,0,0,10.1,7.2,181.8,1008,83,24.1,28,0.1,0,3,Partially cloudy,partly-cloudy-night,
bien hoa,2022-12-12T20:00:00,23.9,23.9,20.8,83.15,0,14.3,,0,0,10,7.3,143.2,1008.7,75.3,24.1,18.7,0.1,0,3,Partially cloudy,partly-cloudy-night,
bien hoa,2022-12-12T21:00:00,23.6,23.6,20.9,85.01,0,14.3,,0,0,9.8,7.4,104.6,1009.3,67.5,24.1,9.3,0,0,10,Partially cloudy,partly-cloudy-night,
bien hoa,2022-12-12T22:00:00,23.3,23.3,21,86.92,0,14.3,,0,0,9.7,7.6,66,1010,59.8,24.1,0,,0,10,Partially cloudy,partly-cloudy-night,
bien hoa,2022-12-12T23:00:00,22.6,22.6,19.5,82.32,0,14.3,,0,0,10.6,8,46.4,1009.7,73.2,24.1,0,,0,10,Partially cloudy,partly-cloudy-night,
bien hoa,2022-12-13T00:00:00,22,22,18,77.9,0,14.3,,0,0,11.4,8.5,26.8,1009.3,86.6,24.1,0,,0,10,Partially cloudy,partly-cloudy-night,
bien hoa,2022-12-13T01:00:00,21.4,21.4,16.5,73.64,0,14.3,,0,0,12.2,9,7.2,1009,100,24.1,0,,0,10,Overcast,cloudy,
bien hoa,2022-12-13T02:00:00,21.2,21.2,16.5,74.56,0,23.8,,0,0,11.6,8.6,13.1,1009,89.4,24.1,0,,0,10,Partially cloudy,partly-cloudy-night,
bien hoa,2022-12-13T03:00:00,21.1,21.1,16.6,75.49,0,23.8,,0,0,11,8.3,19,1009,78.8,24.1,0,,0,10,Partially cloudy,partly-cloudy-night,
bien hoa,2022-12-13T04:00:00,21,21,16.7,76.44,0,23.8,,0,0,10.4,7.9,24.9,1009,68.2,24.1,0,,0,10,Partially cloudy,partly-cloudy-night,
bien hoa,2022-12-13T05:00:00,21,21,16.9,77.58,0,23.8,,0,0,12.5,8.6,21.9,1009.7,57.7,24.1,5.7,0,0,10,Partially cloudy,partly-cloudy-night,
bien hoa,2022-12-13T06:00:00,21,21,17.2,78.74,0,23.8,,0,0,14.5,9.4,18.9,1010.3,47.2,24.1,11.3,0,0,10,Partially cloudy,partly-cloudy-night,
bien hoa,2022-12-13T07:00:00,21.1,21.1,17.5,79.92,0,23.8,,0,0,16.6,10.1,15.9,1011,36.7,24.1,17,0.1,0,10,Partially cloudy,partly-cloudy-day,
bien hoa,2022-12-13T08:00:00,22.9,22.9,18,74.06,0,23.8,,0,0,14.5,10.3,127.7,1011,26.1,24.1,167,0.6,2,10,Partially cloudy,partly-cloudy-day,
bien hoa,2022-12-13T09:00:00,24.7,24.7,18.6,68.73,0,23.8,,0,0,12.5,10.6,239.4,1011,15.6,24.1,317,1.2,3,10,Clear,clear-day,
bien hoa,2022-12-13T10:00:00,26.6,26.6,19.2,63.86,0,23.8,,0,0,10.4,10.8,351.2,1011,5,24.1,467,1.7,5,10,Clear,clear-day,
bien hoa,2022-12-13T11:00:00,27.4,28.8,19.4,61.45,0,23.8,,0,0,10,10.4,347.9,1010,6.7,24.1,585.3,2.1,6,10,Clear,clear-day,
bien hoa,2022-12-13T12:00:00,28.3,29.8,19.6,59.15,0,23.8,,0,0,9.5,10.1,344.5,1009,8.5,24.1,703.7,2.6,7,10,Clear,clear-day,
bien hoa,2022-12-13T13:00:00,29.2,30.8,19.8,56.95,0,23.8,,0,0,9,9.7,341.2,1008,10.2,24.1,822,3,8,10,Clear,clear-day,
bien hoa,2022-12-13T14:00:00,29.3,30.9,19.6,55.83,0,38.1,,0,0,8.3,8,341.9,1007.3,8.5,24.1,740,2.7,7,10,Clear,clear-day,
bien hoa,2022-12-13T15:00:00,29.5,31,19.4,54.72,0,38.1,,0,0,7.6,6.4,342.5,1006.7,6.7,24.1,658,2.4,7,10,Clear,clear-day,
bien hoa,2022-12-13T16:00:00,29.7,31.1,19.3,53.64,0,38.1,,0,0,6.8,4.7,343.2,1006,5,24.1,576,2.1,6,10,Clear,clear-day,
bien hoa,2022-12-13T17:00:00,28.4,29.7,19.1,57.13,0,38.1,,0,0,6.8,5.4,303,1006.7,18.5,24.1,404.3,1.5,4,10,Clear,clear-day,
bien hoa,2022-12-13T18:00:00,27.2,28.4,19,60.89,0,38.1,,0,0,6.8,6.1,262.9,1007.3,32,24.1,232.7,0.8,0,10,Partially cloudy,partly-cloudy-night,
bien hoa,2022-12-13T19:00:00,26,26,18.9,64.94,0,38.1,,0,0,6.8,6.8,222.7,1008,45.5,24.1,61,0.2,0,10,Partially cloudy,partly-cloudy-night,
bien hoa,2022-12-13T20:00:00,25.3,25.3,19.4,69.56,0,19,,0,0,6.7,6.5,189.8,1008.7,63.7,24.1,40.7,0.1,0,10,Partially cloudy,partly-cloudy-night,
bien hoa,2022-12-13T21:00:00,24.7,24.7,19.9,74.52,0,19,,0,0,6.6,6.1,157,1009.3,81.8,24.1,20.3,0.1,0,10,Partially cloudy,partly-cloudy-night,
bien hoa,2022-12-13T22:00:00,24.1,24.1,20.4,79.83,0.1,19,rain,0,0,6.5,5.8,124.1,1010,100,24.1,0,,0,10,Overcast,cloudy,
bien hoa,2022-12-13T23:00:00,23.8,23.8,20.7,82.47,0,19,,0,0,8.8,6.7,132.7,1009.7,100,24.1,0,,0,10,Overcast,cloudy,
bien hoa,2022-12-14T00:00:00,23.6,23.6,20.9,85.19,0,19,,0,0,11,7.7,141.3,1009.3,100,24.1,0,,0,10,Overcast,cloudy,
bien hoa,2022-12-14T01:00:00,23.4,23.4,21.3,88.01,0,19,,0,0,13.3,8.6,149.9,1009,100,24.1,0,,0,10,Overcast,cloudy,
bien hoa,2022-12-14T02:00:00,23.1,23.1,21.2,88.89,0,14.3,,0,0,10.1,6.7,144.6,1008.7,73.7,24.1,0,,0,10,Partially cloudy,partly-cloudy-night,
bien hoa,2022-12-14T03:00:00,22.8,22.8,21.1,89.78,0,14.3,,0,0,6.8,4.8,139.4,1008.3,47.4,24.1,0,,0,10,Partially cloudy,partly-cloudy-night,
bien hoa,2022-12-14T04:00:00,22.6,22.6,21,90.69,0,14.3,,0,0,3.6,2.9,134.1,1008,21.1,24.1,0,,0,10,Partially cloudy,partly-cloudy-night,
bien hoa,2022-12-14T05:00:00,22.7,22.7,21,90.14,0,14.3,,0,0,3.2,2.9,94.4,1008.7,47.4,24.1,4.7,0,0,10,Partially cloudy,partly-cloudy-night,
bien hoa,2022-12-14T06:00:00,22.9,22.9,21.1,89.6,0,14.3,,0,0,2.9,2.9,54.7,1009.3,73.7,24.1,9.3,0,0,10,Partially cloudy,partly-cloudy-night,
bien hoa,2022-12-14T07:00:00,23.1,23.1,21.2,89.07,0,14.3,,0,0,2.5,2.9,15,1010,100,24.1,14,0.1,0,10,Overcast,cloudy,
bien hoa,2022-12-14T08:00:00,24.3,24.3,21.3,83.37,0,19,,0,0,2.5,2.6,127.4,1010.3,100,24.1,125,0.5,1,10,Overcast,cloudy,
bien hoa,2022-12-14T09:00:00,25.6,25.6,21.5,78.1,0,19,,0,0,2.5,2.4,239.7,1010.7,100,24.1,236,0.8,2,10,Overcast,cloudy,
bien hoa,2022-12-14T10:00:00,26.9,28.9,21.7,73.21,0,19,,0,0,2.5,2.2,352.1,1011,100,24.1,347,1.2,3,10,Overcast,cloudy,
bien hoa,2022-12-14T11:00:00,27.7,29.9,21.3,68.18,0,19,,0,0,3.6,3.8,322.5,1009.7,100,24.1,459.3,1.6,5,10,Overcast,cloudy,
bien hoa,2022-12-14T12:00:00,28.6,30.8,21,63.51,0,19,,0,0,4.7,5.5,292.8,1008.3,100,24.1,571.7,2.1,6,10,Overcast,cloudy,
bien hoa,2022-12-14T13:00:00,29.5,31.7,20.7,59.18,0,19,,0,0,5.8,7.2,263.2,1007,100,24.1,684,2.5,7,10,Overcast,cloudy,
bien hoa,2022-12-14T14:00:00,29.2,31.4,20.6,59.86,0,33.3,,0,0,6.1,7.6,259.9,1006.7,99.6,24.1,589.7,2.1,6,10,Overcast,cloudy,
bien hoa,2022-12-14T15:00:00,29,31.1,20.6,60.55,0,33.3,,0,0,6.5,7.9,256.7,1006.3,99.3,24.1,495.3,1.8,5,10,Overcast,cloudy,
bien hoa,2022-12-14T16:00:00,28.8,30.8,20.6,61.24,0,33.3,,0,0,6.8,8.3,253.4,1006,98.9,24.1,401,1.4,4,10,Overcast,cloudy,
bien hoa,2022-12-14T17:00:00,27.7,29.5,20.4,64.38,0,33.3,,0,0,7.8,8.3,235.4,1006.7,99.3,24.1,283.7,1,3,10,Overcast,cloudy,
bien hoa,2022-12-14T18:00:00,26.7,28.2,20.2,67.7,0,33.3,,0,0,8.8,8.3,217.4,1007.3,99.6,24.1,166.3,0.6,0,10,Overcast,cloudy,
bien hoa,2022-12-14T19:00:00,25.7,25.7,20.1,71.22,0,33.3,,0,0,9.7,8.3,199.4,1008,100,24.1,49,0.2,0,10,Overcast,cloudy,
bien hoa,2022-12-14T20:00:00,25.2,25.2,20.6,75.83,0,23.8,,0,0,10.9,8.2,188.5,1008.7,100,24.1,32.7,0.1,0,10,Overcast,cloudy,
bien hoa,2022-12-14T21:00:00,24.7,24.7,21.1,80.73,0,23.8,,0,0,12.1,8,177.5,1009.3,100,24.1,16.3,0.1,0,10,Overcast,cloudy,
bien hoa,2022-12-14T22:00:00,24.2,24.2,21.7,85.95,0,23.8,,0,0,13.3,7.9,166.6,1010,100,24.1,0,,0,10,Overcast,cloudy,
bien hoa,2022-12-14T23:00:00,23.9,23.9,21.5,86.62,0,23.8,,0,0,10.8,7.2,165.5,1009.7,85.9,24.1,0,,0,10,Partially cloudy,partly-cloudy-night,
bien hoa,2022-12-15T00:00:00,23.6,23.6,21.3,87.31,0,23.8,,0,0,8.3,6.5,164.5,1009.3,71.9,24.1,0,,0,10,Partially cloudy,partly-cloudy-night,
bien hoa,2022-12-15T01:00:00,23.3,23.3,21.2,88,0,23.8,,0,0,5.8,5.8,163.4,1009,57.8,24.1,0,,0,10,Partially cloudy,partly-cloudy-night,
bien hoa,2022-12-15T02:00:00,23.1,23.1,21.1,88.53,0,19,,0,0,5,5,176.6,1008.7,69.2,24.1,0,,0,10,Partially cloudy,partly-cloudy-night,
bien hoa,2022-12-15T03:00:00,22.9,22.9,21,89.06,0,19,,0,0,4.3,4.3,189.7,1008.3,80.6,24.1,0,,0,10,Partially cloudy,partly-cloudy-night,
bien hoa,2022-12-15T04:00:00,22.8,22.8,21,89.59,0.1,19,rain,0,0,3.6,3.6,202.9,1008,92,24.1,0,,0,10,Overcast,cloudy,
bien hoa,2022-12-15T05:00:00,23,23,21.2,89.25,0,19,,0,0,4.2,3.5,214.4,1008.7,94.5,24.1,3.7,0,0,10,Overcast,cloudy,
bien hoa,2022-12-15T06:00:00,23.3,23.3,21.4,88.9,0,19,,0,0,4.8,3.4,226,1009.3,96.9,24.1,7.3,0,0,10,Overcast,cloudy,
bien hoa,2022-12-15T07:00:00,23.6,23.6,21.6,88.56,0,19,,0,0,5.4,3.2,237.5,1010,99.4,24.1,11,0,0,10,Overcast,cloudy,
bien hoa,2022-12-15T08:00:00,25,25,21.6,81.44,0,4.8,,0,0,6.1,4.9,252.6,1010,83.5,24.1,158.7,0.5,2,10,Partially cloudy,partly-cloudy-day,
bien hoa,2022-12-15T09:00:00,26.4,26.4,21.6,74.95,0,4.8,,0,0,6.8,6.6,267.7,1010,67.5,24.1,306.3,1.1,3,10,Partially cloudy,partly-cloudy-day,
bien hoa,2022-12-15T10:00:00,27.9,30.3,21.7,69.05,0,4.8,rain,0,0,7.6,8.3,282.8,1010,51.6,24.1,454,1.6,5,10,Partially cloudy,partly-cloudy-day,
bien hoa,2022-12-15T11:00:00,28.5,31,21.4,65.21,0,4.8,,0,0,7.6,8.2,288.9,1009,55.6,24.1,524.3,1.9,5,10,Partially cloudy,partly-cloudy-day,
bien hoa,2022-12-15T12:00:00,29.2,31.6,21.1,61.59,0,4.8,,0,0,7.6,8,295,1008,59.6,24.1,594.7,2.1,6,10,Partially cloudy,partly-cloudy-day,
bien hoa,2022-12-15T13:00:00,29.9,32.2,20.8,58.19,0,4.8,,0,0,7.6,7.9,301.1,1007,63.6,24.1,665,2.4,7,10,Partially cloudy,partly-cloudy-day,
bien hoa,2022-12-15T14:00:00,29.9,32.2,20.7,57.61,0,28.6,,0,0,6.4,6.7,300.7,1006.7,75.7,24.1,591.7,2.1,6,10,Partially cloudy,partly-cloudy-day,
bien hoa,2022-12-15T15:00:00,30,32.2,20.6,57.04,0,28.6,,0,0,5.2,5.5,300.2,1006.3,87.9,24.1,518.3,1.9,5,10,Partially cloudy,partly-cloudy-day,
bien hoa,2022-12-15T16:00:00,30.1,32.2,20.5,56.47,0,28.6,,0,0,4,4.3,299.8,1006,100,24.1,445,1.6,4,10,Overcast,cloudy,
bien hoa,2022-12-15T17:00:00,28.9,30.8,20.3,59.9,0,28.6,,0,0,3.8,3.8,277.7,1006.7,99.7,24.1,308.3,1.1,3,10,Overcast,cloudy,
bien hoa,2022-12-15T18:00:00,27.7,29.4,20.2,63.59,0,28.6,,0,0,3.7,3.4,255.5,1007.3,99.5,24.1,171.7,0.6,0,10,Overcast,cloudy,
bien hoa,2022-12-15T19:00:00,26.6,26.6,20.1,67.53,0,28.6,,0,0,3.6,2.9,233.4,1008,99.2,24.1,35,0.1,0,10,Overcast,cloudy,
bien hoa,2022-12-15T20:00:00,25.7,25.7,20.7,73.62,0,28.6,,0,0,8.9,5.5,201.7,1008.3,87.2,24.1,23.3,0.1,0,10,Partially cloudy,partly-cloudy-night,
bien hoa,2022-12-15T21:00:00,24.9,24.9,21.3,80.27,0,28.6,,0,0,14.2,8.2,169.9,1008.7,75.1,24.1,11.7,0,0,10,Partially cloudy,partly-cloudy-night,
bien hoa,2022-12-15T22:00:00,24.1,24.1,21.9,87.53,0,28.6,,0,0,19.4,10.8,138.2,1009,63.1,24.1,0,,0,10,Partially cloudy,partly-cloudy-night,
bien hoa,2022-12-15T23:00:00,23.9,23.9,21.7,87.51,0,28.6,,0,0,14.3,8.4,129.2,1008.7,74.1,24.1,0,,0,10,Partially cloudy,partly-cloudy-night,
bien hoa,2022-12-16T00:00:00,23.7,23.7,21.5,87.5,0,28.6,,0,0,9.1,6,120.2,1008.3,85,24.1,0,,0,3,Partially cloudy,partly-cloudy-night,
bien hoa,2022-12-16T01:00:00,23.6,23.6,21.4,87.48,0,28.6,,0,0,4,3.6,111.2,1008,96,24.1,0,,0,3,Overcast,cloudy,
bien hoa,2022-12-16T02:00:00,23.6,23.6,21.3,87.31,0,23.8,,0,0,4.2,4,102.7,1008,85.3,24.1,0,,0,3,Partially cloudy,partly-cloudy-night,
bien hoa,2022-12-16T03:00:00,23.6,23.6,21.3,87.13,0,23.8,,0,0,4.4,4.3,94.1,1008,74.5,24.1,0,,0,3,Partially cloudy,partly-cloudy-night,
bien hoa,2022-12-16T04:00:00,23.6,23.6,21.3,86.95,0,23.8,,0,0,4.7,4.7,85.6,1008,63.8,24.1,0,,0,3,Partially cloudy,partly-cloudy-night,
bien hoa,2022-12-16T05:00:00,23.7,23.7,21.4,86.79,0,23.8,,0,0,4.2,4.1,84.9,1008.7,69.5,24.1,2.3,0,0,3,Partially cloudy,partly-cloudy-night,
bien hoa,2022-12-16T06:00:00,23.8,23.8,21.4,86.62,0,23.8,,0,0,3.7,3.5,84.3,1009.3,75.3,24.1,4.7,0,0,3,Partially cloudy,partly-cloudy-night,
bien hoa,2022-12-16T07:00:00,24,24,21.6,86.46,0,23.8,,0,0,3.2,2.9,83.6,1010,81,24.1,7,0,0,3,Partially cloudy,partly-cloudy-day,
bien hoa,2022-12-16T08:00:00,24.8,24.8,21.7,82.75,0,4.8,,0,0,4.6,4.2,166.2,1010.3,86.9,24.1,71.3,0.2,1,10,Partially cloudy,partly-cloudy-day,
bien hoa,2022-12-16T09:00:00,25.7,25.7,21.8,79.24,0,4.8,,0,0,5.9,5.5,248.8,1010.7,92.7,24.1,135.7,0.5,1,10,Overcast,cloudy,
bien hoa,2022-12-16T10:00:00,26.6,26.6,22,75.89,0,4.8,,0,0,7.2,6.8,331.4,1011,98.6,24.1,200,0.7,2,10,Overcast,cloudy,
bien hoa,2022-12-16T11:00:00,26.6,26.6,22,75.6,0,4.8,,0,0,7.7,7.2,327.2,1010,99.1,24.1,203,0.7,2,10,Overcast,cloudy,
bien hoa,2022-12-16T12:00:00,26.7,28.7,22,75.3,0,4.8,,0,0,8.2,7.6,323.1,1009,99.5,24.1,206,0.8,2,10,Overcast,cloudy,
bien hoa,2022-12-16T13:00:00,26.8,28.8,22,75.01,0,4.8,,0,0,8.6,7.9,318.9,1008,100,24.1,209,0.8,2,10,Overcast,cloudy,
bien hoa,2022-12-16T14:00:00,26.8,28.8,21.9,74.85,0,42.9,,0,0,7.1,6.7,310,1007.7,100,24.1,188.7,0.7,2,10,Overcast,cloudy,
bien hoa,2022-12-16T15:00:00,26.8,28.8,21.9,74.7,0,42.9,,0,0,5.5,5.5,301,1007.3,100,24.1,168.3,0.6,2,10,Overcast,cloudy,
bien hoa,2022-12-16T16:00:00,26.8,28.8,21.9,74.55,0,42.9,,0,0,4,4.3,292.1,1007,100,24.1,148,0.5,1,10,Overcast,cloudy,
bien hoa,2022-12-16T17:00:00,26.1,26.1,21.8,77.07,0,42.9,,0,0,3.5,3.7,297.1,1007.7,86.5,24.1,103.7,0.4,1,10,Partially cloudy,partly-cloudy-day,
bien hoa,2022-12-16T18:00:00,25.4,25.4,21.7,79.69,0,42.9,,0,0,3,3.1,302,1008.3,73,24.1,59.3,0.2,0,10,Partially cloudy,partly-cloudy-night,
bien hoa,2022-12-16T19:00:00,24.8,24.8,21.6,82.41,0,42.9,,0,0,2.5,2.5,307,1009,59.5,24.1,15,0.1,0,10,Partially cloudy,partly-cloudy-night,
bien hoa,2022-12-16T20:00:00,24.6,24.6,21.6,83.41,0,23.8,,0,0,3.4,3.4,245.1,1009.3,73,24.1,10,0,0,10,Partially cloudy,partly-cloudy-night,
bien hoa,2022-12-16T21:00:00,24.5,24.5,21.7,84.42,0,23.8,,0,0,4.2,4.2,183.2,1009.7,86.5,24.1,5,0,0,10,Partially cloudy,partly-cloudy-night,
bien hoa,2022-12-16T22:00:00,24.4,24.4,21.8,85.44,0.2,23.8,rain,0,0,5,5,121.3,1010,100,24.1,0,,0,10,Overcast,cloudy,
bien hoa,2022-12-16T23:00:00,24,24,21.7,86.82,0,23.8,,0,0,4.2,4.2,90.5,1009.7,88.5,24.1,0,,0,10,Partially cloudy,partly-cloudy-night,
bien hoa,2022-12-17T00:00:00,23.7,23.7,21.6,88.21,0,23.8,,0,0,3.4,3.4,59.7,1009.3,77.1,24.1,0,,0,10,Partially cloudy,partly-cloudy-night,
bien hoa,2022-12-17T01:00:00,23.4,23.4,21.6,89.64,0,23.8,,0,0,2.5,2.5,28.9,1009,65.6,24.1,0,,0,3,Partially cloudy,partly-cloudy-night,
bien hoa,2022-12-17T02:00:00,23.1,23.1,21.4,89.8,0,0,,0,0,3.7,3.6,20.5,1008.7,56.5,24.1,0,,0,10,Partially cloudy,partly-cloudy-night,
bien hoa,2022-12-17T03:00:00,22.9,22.9,21.2,89.97,0,0,,0,0,4.9,4.7,12.1,1008.3,47.3,24.1,0,,0,10,Partially cloudy,partly-cloudy-night,
bien hoa,2022-12-17T04:00:00,22.7,22.7,21,90.14,0,0,,0,0,6.1,5.8,3.7,1008,38.2,24.1,0,,0,10,Partially cloudy,partly-cloudy-night,
bien hoa,2022-12-17T05:00:00,22.8,22.8,21,89.23,0,0,,0,0,7.2,5.9,2.9,1008.7,32.2,24.1,5.3,0,0,10,Partially cloudy,partly-cloudy-night,
bien hoa,2022-12-17T06:00:00,23,23,21,88.34,0,0,,0,0,8.3,6,2,1009.3,26.1,24.1,10.7,0,0,10,Partially cloudy,partly-cloudy-night,
bien hoa,2022-12-17T07:00:00,23.2,23.2,21,87.45,0,0,,0,0,9.4,6.1,1.2,1010,20.1,24.1,16,0.1,0,10,Partially cloudy,partly-cloudy-day,
bien hoa,2022-12-17T08:00:00,24.9,24.9,21.2,79.95,0,9.5,,0,0,7.6,5.2,22.5,1010,37.4,24.1,162.7,0.6,2,10,Partially cloudy,partly-cloudy-day,
bien hoa,2022-12-17T09:00:00,26.7,28.6,21.5,73.18,0,9.5,,0,0,5.8,4.2,43.7,1010,54.8,24.1,309.3,1.1,3,10,Partially cloudy,partly-cloudy-day,
bien hoa,2022-12-17T10:00:00,28.5,31.1,21.8,67.08,0,9.5,,0,0,4,3.2,65,1010,72.1,24.1,456,1.6,5,10,Partially cloudy,partly-cloudy-day,
bien hoa,2022-12-17T11:00:00,29.4,32.3,21.7,63.3,0,9.5,,0,0,6,4.2,65,1009,74.2,24.1,565.3,2,6,10,Partially cloudy,partly-cloudy-day,
bien hoa,2022-12-17T12:00:00,30.3,33.4,21.6,59.74,0,9.5,,0,0,8,5.2,64.9,1008,76.3,24.1,674.7,2.4,7,10,Partially cloudy,partly-cloudy-day,
bien hoa,2022-12-17T13:00:00,31.3,34.5,21.6,56.41,0.1,9.5,rain,0,0,10.1,6.1,64.9,1007,78.4,24.1,784,2.8,8,10,Partially cloudy,partly-cloudy-day,
bien hoa,2022-12-17T14:00:00,30.9,34.2,21.8,58.31,0,38.1,,0,0,8.3,5.2,84.6,1006.3,75.9,18.3,635,2.3,6,10,Partially cloudy,partly-cloudy-day,
bien hoa,2022-12-17T15:00:00,30.5,33.9,22,60.28,0,38.1,,0,0,6.5,4.2,104.2,1005.7,73.5,12.6,486,1.7,5,10,Partially cloudy,partly-cloudy-day,
bien hoa,2022-12-17T16:00:00,30.2,33.6,22.2,62.31,0.7,38.1,rain,0,0,4.7,3.2,123.9,1005,71,6.8,337,1.2,3,30,Partially cloudy,partly-cloudy-day,
bien hoa,2022-12-17T17:00:00,28.8,31.8,22.2,67.83,0,38.1,,0,0,4.8,3.5,96.9,1006.3,57.7,12.6,238,0.8,2,10,Partially cloudy,partly-cloudy-day,
bien hoa,2022-12-17T18:00:00,27.4,29.9,22.3,73.89,0,38.1,,0,0,4.9,3.7,70,1007.7,44.5,18.3,139,0.5,0,10,Partially cloudy,partly-cloudy-night,
bien hoa,2022-12-17T19:00:00,26,26,22.4,80.57,4,38.1,rain,0,0,5,4,43,1009,31.2,24.1,40,0.1,0,10,Partially cloudy,partly-cloudy-night,
bien hoa,2022-12-17T20:00:00,25,25,21.6,81.44,0,9.5,,0,0,10.6,6.2,32.4,1009.3,52.4,24.1,26.7,0.1,0,10,Partially cloudy,partly-cloudy-night,
bien hoa,2022-12-17T21:00:00,24,24,20.8,82.32,0,9.5,,0,0,16.1,8.5,21.9,1009.7,73.5,24.1,13.3,0,0,10,Partially cloudy,partly-cloudy-night,
bien hoa,2022-12-17T22:00:00,23.1,23.1,20.1,83.23,0,9.5,,0,0,21.6,10.8,11.3,1010,94.7,24.1,0,,0,10,Overcast,cloudy,
bien hoa,2022-12-17T23:00:00,22.7,22.7,19.8,83.87,0,9.5,,0,0,21.6,10.8,19.1,1009.7,80.5,24.1,0,,0,10,Partially cloudy,partly-cloudy-night,
bien hoa,2022-12-18T00:00:00,22.3,22.3,19.5,84.53,0,9.5,,0,0,21.6,10.8,27,1009.3,66.2,24.1,0,,0,10,Partially cloudy,partly-cloudy-night,
bien hoa,2022-12-18T01:00:00,21.9,21.9,19.3,85.19,0,9.5,,0,0,21.6,10.8,34.8,1009,52,24.1,0,,0,10,Partially cloudy,partly-cloudy-night,
bien hoa,2022-12-18T02:00:00,21.6,21.6,19.1,85.34,0,0,,0,0,21.4,10.7,35.8,1008.7,36.5,24.1,0,,0,10,Partially cloudy,partly-cloudy-night,
bien hoa,2022-12-18T03:00:00,21.4,21.4,18.9,85.5,0,0,,0,0,21.1,10.6,36.8,1008.3,21.1,24.1,0,,0,10,Partially cloudy,partly-cloudy-night,
bien hoa,2022-12-18T04:00:00,21.2,21.2,18.7,85.65,0,0,,0,0,20.9,10.4,37.8,1008,5.6,24.1,0,,0,10,Clear,clear-night,
bien hoa,2022-12-18T05:00:00,21.4,21.4,18.7,84.61,0,0,,0,0,20.8,10.2,38.7,1008.7,7.8,24.1,5.3,0,0,10,Clear,clear-night,
bien hoa,2022-12-18T06:00:00,21.6,21.6,18.7,83.58,0,0,,0,0,20.6,10,39.7,1009.3,10.1,24.1,10.7,0,0,10,Clear,clear-night,
bien hoa,2022-12-18T07:00:00,21.9,21.9,18.8,82.57,0,0,,0,0,20.5,9.7,40.6,1010,12.3,24.1,16,0.1,0,10,Clear,clear-day,
bien hoa,2022-12-18T08:00:00,23.8,23.8,19.1,75.14,0,9.5,,0,0,18.5,10.2,42.5,1010.3,29.7,24.1,166,0.6,2,10,Partially cloudy,partly-cloudy-day,
bien hoa,2022-12-18T09:00:00,25.7,25.7,19.5,68.49,0,9.5,,0,0,16.4,10.7,44.3,1010.7,47,24.1,316,1.2,3,10,Partially cloudy,partly-cloudy-day,
bien hoa,2022-12-18T10:00:00,27.7,29.2,19.9,62.53,0,9.5,,0,0,14.4,11.2,46.2,1011,64.4,24.1,466,1.7,5,10,Partially cloudy,partly-cloudy-day,
bien hoa,2022-12-18T11:00:00,28.9,30.6,19.8,58.08,0,9.5,,0,0,13.8,10.1,67.3,1009.7,56.7,24.1,582.3,2.1,6,10,Partially cloudy,partly-cloudy-day,
bien hoa,2022-12-18T12:00:00,30.1,31.9,19.8,53.98,0,9.5,,0,0,13.2,9,88.3,1008.3,49,24.1,698.7,2.5,7,10,Partially cloudy,partly-cloudy-day,
bien hoa,2022-12-18T13:00:00,31.4,33.3,19.8,50.2,0,9.5,,0,0,12.6,7.9,109.4,1007,41.3,24.1,815,2.9,8,10,Partially cloudy,partly-cloudy-day,
bien hoa,2022-12-18T14:00:00,29.8,32,20.4,57.11,0,52.4,rain,0,0,18.1,10.7,73.4,1007,60.9,24.1,631.7,2.3,6,10,"Rain, Partially cloudy",rain,
bien hoa,2022-12-18T15:00:00,28.3,30.5,21.1,65.03,0,52.4,rain,0,0,23.6,13.4,37.4,1007,80.4,24.1,448.3,1.6,4,10,"Rain, Partially cloudy",rain,
bien hoa,2022-12-18T16:00:00,26.8,28.7,21.8,74.1,0.1,52.4,rain,0,0,29.2,16.2,1.4,1007,100,24.1,265,1,3,10,"Rain, Overcast",rain,
bien hoa,2022-12-18T17:00:00,26.4,26.4,21.4,73.74,0,52.4,rain,0,0,29.6,15.5,10.2,1007.7,75.2,24.1,180,0.7,2,10,"Rain, Partially cloudy",rain,
bien hoa,2022-12-18T18:00:00,26.2,26.2,21,73.39,0,52.4,rain,0,0,30.1,14.8,19,1008.3,50.5,24.1,95,0.3,0,10,"Rain, Partially cloudy",rain,
bien hoa,2022-12-18T19:00:00,25.9,25.9,20.7,73.04,0.2,52.4,rain,0,0,30.6,14,27.8,1009,25.7,24.1,10,0,0,10,"Rain, Partially cloudy",rain,
bien hoa,2022-12-18T20:00:00,25.1,25.1,20.5,75.82,0,9.5,,0,0,28.4,12.8,30.9,1009.3,17.5,24.1,6.7,0,0,10,Clear,clear-night,
bien hoa,2022-12-18T21:00:00,24.3,24.3,20.4,78.72,0,9.5,,0,0,26.3,11.6,34,1009.7,9.3,24.1,3.3,0,0,10,Clear,clear-night,
bien hoa,2022-12-18T22:00:00,23.6,23.6,20.3,81.76,0,9.5,,0,0,24.1,10.4,37.1,1010,1.1,24.1,0,,0,10,Clear,clear-night,
bien hoa,2022-12-18T23:00:00,23.3,23.3,20.2,82.74,0,9.5,,0,0,23.4,10.3,36.1,1009.7,2.4,24.1,0,,0,10,Clear,clear-night,
